index,char,start,end
0,[,0.000,0.023
1,e,0.023,0.026
2,n,0.026,0.029
3,e,0.029,0.031
4,r,0.031,0.034
5,g,0.034,0.037
6,e,0.037,0.039
7,t,0.039,0.041
8,i,0.041,0.043
9,c,0.043,0.046
10,],0.046,0.057
11, ,0.057,0.069
12,Т,0.069,0.080
13,р,0.080,0.160
14,и,0.160,0.240
15,д,0.240,0.320
16,ц,0.320,0.400
17,а,0.400,0.427
18,т,0.427,0.453
19,ь,0.453,0.480
20, ,0.480,0.560
21,п,0.560,0.600
22,я,0.600,0.613
23,т,0.613,0.627
24,ь,0.627,0.640
25, ,0.640,0.800
26,к,0.800,0.840
27,и,0.840,0.880
28,л,0.880,1.000
29,о,1.000,1.024
30,г,1.024,1.048
31,р,1.048,1.071
32,а,1.071,1.095
33,м,1.095,1.119
34,м,1.119,1.199
35,о,1.199,1.239
36,в,1.239,1.279
37, ,1.279,1.439
38,с,1.439,1.519
39,т,1.519,1.599
40,а,1.599,1.679
41,л,1.679,1.759
42,и,1.759,1.839
43, ,1.839,1.879
44,н,1.879,1.899
45,а,1.899,1.919
46, ,1.919,1.999
47,т,1.999,2.079
48,е,2.079,2.119
49,б,2.119,2.159
50,е,2.159,2.319
51,.,2.319,2.439
52, ,2.439,2.559
53,С,2.559,2.639
54,к,2.639,2.719
55,о,2.719,2.751
56,л,2.751,2.783
57,ь,2.783,2.815
58,к,2.815,2.847
59,о,2.847,2.879
60, ,2.879,2.959
61,в,2.959,3.012
62, ,3.012,3.066
63,н,3.066,3.083
64,и,3.083,3.101
65,х,3.101,3.119
66, ,3.119,3.198
67,м,3.198,3.246
68,о,3.246,3.294
69,ж,3.294,3.342
70,н,3.342,3.390
71,о,3.390,3.438
72, ,3.438,3.518
73,д,3.518,3.558
74,р,3.558,3.598
75,а,3.598,3.662
76,т,3.662,3.726
77,ь,3.726,3.790
78,с,3.790,3.854
79,я,3.854,3.918
80,?,3.918,3.998
81,[,3.998,4.078
82,s,4.078,4.110
83,h,4.110,4.142
84,o,4.142,4.174
85,r,4.174,4.206
86,t,4.206,4.238
87, ,4.238,4.398
88,p,4.398,4.430
89,a,4.430,4.462
90,u,4.462,4.494
91,s,4.494,4.526
92,e,4.526,4.558
93,],4.558,4.585
94, ,4.585,4.611
95,Т,4.611,4.638
96,ы,4.638,4.678
97, ,4.678,4.718
98,н,4.718,4.758
99,а,4.758,4.778
100,в,4.778,4.798
101,е,4.798,4.878
102,р,4.878,4.958
103,н,4.958,4.998
104,я,4.998,5.038
105,к,5.038,5.118
106,а,5.118,5.198
107, ,5.198,5.278
108,с,5.278,5.317
109,л,5.317,5.357
110,ы,5.357,5.397
111,ш,5.397,5.437
112,а,5.437,5.477
113,л,5.477,5.517
114, ,5.517,5.597
115,о,5.597,5.661
116,т,5.661,5.725
117,в,5.725,5.789
118,е,5.789,5.853
119,т,5.853,5.917
120,:,5.917,6.077
121, ,6.077,6.237
122,п,6.237,6.290
123,а,6.290,6.344
124,р,6.344,6.397
125,у,6.397,6.477
126, ,6.477,6.557
127,м,6.557,6.584
128,и,6.584,6.610
129,н,6.610,6.637
130,у,6.637,6.717
131,т,6.717,6.797
132,.,6.797,7.077
133, ,7.077,7.357
134,Р,7.357,7.436
135,ы,7.436,7.516
136,ц,7.516,7.596
137,а,7.596,7.623
138,р,7.623,7.649
139,ь,7.649,7.676
140, ,7.676,7.756
141,в,7.756,7.796
142, ,7.796,7.836
143,л,7.836,7.956
144,а,7.956,7.996
145,т,7.996,8.036
146,а,8.036,8.076
147,х,8.076,8.156
148, ,8.156,8.236
149,к,8.236,8.316
150,а,8.316,8.356
151,к,8.356,8.396
152, ,8.396,8.516
153,к,8.516,8.556
154,о,8.556,8.596
155,н,8.596,8.636
156,с,8.636,8.689
157,е,8.689,8.743
158,р,8.743,8.796
159,в,8.796,8.876
160,н,8.876,8.929
161,а,8.929,8.983
162,я,8.983,9.036
163, ,9.036,9.116
164,б,9.116,9.169
165,а,9.169,9.223
166,н,9.223,9.276
167,к,9.276,9.396
168,а,9.396,9.516
169,.,9.516,9.675
170, ,9.675,9.755
171,У,9.755,9.835
172,п,9.835,9.968
173,а,9.968,10.102
174,л,10.102,10.235
175, ,10.235,10.275
176,и,10.275,10.315
177, ,10.315,10.355
178,н,10.355,10.375
179,е,10.375,10.395
180, ,10.395,10.475
181,в,10.475,10.555
182,с,10.555,10.635
183,т,10.635,10.715
184,а,10.715,10.795
185,л,10.795,10.875
186,.,10.875,11.195
187, ,11.195,11.235
188,П,11.235,11.255
189,р,11.255,11.275
190,о,11.275,11.315
191,б,11.315,11.355
192,е,11.355,11.435
193,ж,11.435,11.515
194,а,11.515,11.555
195,л,11.555,11.595
196, ,11.595,11.674
197,с,11.674,11.727
198,о,11.727,11.781
199,т,11.781,11.834
200,н,11.834,11.874
201,ю,11.874,11.914
202, ,11.914,12.034
203,м,12.034,12.074
204,е,12.074,12.114
205,т,12.114,12.154
206,р,12.154,12.234
207,о,12.234,12.314
208,в,12.314,12.394
209, ,12.394,12.434
210,и,12.434,12.474
211, ,12.474,12.554
212,з,12.554,12.607
213,а,12.607,12.661
214,д,12.661,12.714
215,о,12.714,12.794
216,х,12.794,12.874
217,н,12.874,12.954
218,у,12.954,13.034
219,л,13.034,13.114
220,с,13.114,13.194
221,я,13.194,13.274
222,.,13.274,13.514
223,[,13.514,13.754
224,p,13.754,13.761
225,a,13.761,13.769
226,u,13.769,13.777
227,s,13.777,13.785
228,e,13.785,13.793
229,],13.793,13.833
230, ,13.833,13.873
231,У,13.873,13.913
232,ч,13.913,13.993
233,ё,13.993,14.073
234,н,14.073,14.180
235,ы,14.180,14.286
236,е,14.286,14.393
237, ,14.393,14.473
238,э,14.473,14.553
239,т,14.553,14.593
240,о,14.593,14.633
241, ,14.633,14.740
242,п,14.740,14.846
243,р,14.846,14.868
244,о,14.868,14.889
245,в,14.889,14.910
246,е,14.910,14.932
247,р,14.932,14.953
248,и,14.953,15.033
249,л,15.033,15.113
250,и,15.113,15.193
251,.,15.193,15.433
252,[,15.433,15.673
253,s,15.673,15.676
254,h,15.676,15.679
255,o,15.679,15.683
256,r,15.683,15.686
257,t,15.686,15.689
258, ,15.689,15.705
259,p,15.705,15.708
260,a,15.708,15.711
261,u,15.711,15.715
262,s,15.715,15.718
263,e,15.718,15.721
264,],15.721,15.737
265,В,15.737,15.753
266, ,15.753,15.833
267,а,15.833,15.860
268,н,15.860,15.885
269,г,15.885,15.912
270,л,15.912,15.952
271,и,15.952,15.992
272,й,15.992,16.112
273,с,16.112,16.142
274,к,16.142,16.172
275,о,16.172,16.202
276,м,16.202,16.232
277, ,16.232,16.392
278,г,16.392,16.424
279,о,16.424,16.456
280,р,16.456,16.488
281,о,16.488,16.520
282,д,16.520,16.552
283,е,16.552,16.592
284, ,16.592,16.632
285,Л,16.632,16.712
286,и,16.712,16.792
287,д,16.792,16.872
288,с,16.872,16.992
289,е,16.992,17.112
290, ,17.112,17.192
291,ч,17.192,17.245
292,е,17.245,17.299
293,т,17.299,17.352
294,ы,17.352,17.392
295,р,17.392,17.432
296,ё,17.432,17.472
297,х,17.472,17.512
298, ,17.512,17.672
299,о,17.672,17.712
300,п,17.712,17.752
301,ы,17.752,17.832
302,т,17.832,17.912
303,н,17.912,17.939
304,ы,17.939,17.965
305,х,17.965,17.991
306, ,17.991,18.071
307,б,18.071,18.124
308,о,18.124,18.178
309,й,18.178,18.231
310,ц,18.231,18.311
311,о,18.311,18.391
312,в,18.391,18.471
313, ,18.471,18.551
314,о,18.551,18.591
315,д,18.591,18.631
316,е,18.631,18.711
317,л,18.711,18.791
318,и,18.791,18.871
319, ,18.871,18.911
320,в,18.911,18.951
321, ,18.951,19.071
322,к,19.071,19.111
323,о,19.111,19.151
324,п,19.151,19.191
325,и,19.191,19.231
326,и,19.231,19.271
327, ,19.271,19.311
328,д,19.311,19.351
329,о,19.351,19.431
330,с,19.431,19.511
331,п,19.511,19.591
332,е,19.591,19.631
333,х,19.631,19.671
334,о,19.671,19.711
335,в,19.711,19.751
336, ,19.751,19.831
337,п,19.831,19.911
338,я,19.911,19.951
339,т,19.951,19.991
340,н,19.991,20.071
341,а,20.071,20.110
342,д,20.110,20.150
343,ц,20.150,20.190
344,а,20.190,20.210
345,т,20.210,20.230
346,о,20.230,20.283
347,г,20.283,20.337
348,о,20.337,20.390
349, ,20.390,20.470
350,в,20.470,20.550
351,е,20.550,20.590
352,к,20.590,20.630
353,а,20.630,20.710
354, ,20.710,21.030
355,и,21.030,21.110
356, ,21.110,21.190
357,п,21.190,21.310
358,о,21.310,21.350
359,с,21.350,21.390
360,т,21.390,21.430
361,а,21.430,21.470
362,в,21.470,21.510
363,и,21.510,21.563
364,л,21.563,21.617
365,и,21.617,21.670
366, ,21.670,21.710
367,н,21.710,21.730
368,а,21.730,21.750
369, ,21.750,21.830
370,б,21.830,21.857
371,е,21.857,21.883
372,г,21.883,21.910
373,о,21.910,21.990
374,в,21.990,22.070
375,у,22.070,22.110
376,ю,22.110,22.150
377, ,22.150,22.229
378,д,22.229,22.277
379,о,22.277,22.325
380,р,22.325,22.373
381,о,22.373,22.421
382,ж,22.421,22.469
383,к,22.469,22.589
384,у,22.589,22.709
385,.,22.709,23.109
386, ,23.109,23.149
387,М,23.149,23.189
388,а,23.189,23.269
389,с,23.269,23.349
390,к,23.349,23.389
391,а,23.389,23.429
392, ,23.429,23.509
393,н,23.509,23.529
394,а,23.529,23.549
395, ,23.549,23.589
396,л,23.589,23.669
397,и,23.669,23.749
398,ц,23.749,23.829
399,е,23.829,23.909
400, ,23.909,23.989
401,л,23.989,24.016
402,о,24.016,24.042
403,в,24.042,24.069
404,и,24.069,24.149
405,л,24.149,24.229
406,а,24.229,24.309
407, ,24.309,24.388
408,к,24.388,24.468
409,а,24.468,24.521
410,ж,24.521,24.575
411,д,24.575,24.628
412,ы,24.628,24.668
413,й,24.668,24.708
414, ,24.708,24.788
415,в,24.788,24.868
416,д,24.868,24.948
417,о,24.948,25.028
418,х,25.028,25.108
419,.,25.108,25.348
420,[,25.348,25.588
421,s,25.588,25.592
422,h,25.592,25.596
423,o,25.596,25.600
424,r,25.600,25.604
425,t,25.604,25.608
426, ,25.608,25.628
427,p,25.628,25.632
428,a,25.632,25.636
429,u,25.636,25.640
430,s,25.640,25.644
431,e,25.644,25.648
432,],25.648,25.668
433,С,25.668,25.748
434,и,25.748,25.788
435,л,25.788,25.828
436, ,25.828,25.908
437,н,25.908,25.948
438,а,25.948,25.988
439, ,25.988,26.068
440,х,26.068,26.095
441,о,26.095,26.121
442,д,26.121,26.148
443,ь,26.148,26.228
444,б,26.228,26.268
445,у,26.268,26.308
446, ,26.308,26.388
447,у,26.388,26.467
448,х,26.467,26.520
449,о,26.520,26.574
450,д,26.574,26.627
451,и,26.627,26.680
452,л,26.680,26.734
453,о,26.734,26.787
454, ,26.787,26.827
455,в,26.827,26.867
456, ,26.867,26.947
457,д,26.947,27.027
458,в,27.027,27.067
459,а,27.067,27.107
460, ,27.107,27.187
461,с,27.187,27.227
462, ,27.227,27.267
463,л,27.267,27.307
464,и,27.307,27.347
465,ш,27.347,27.427
466,н,27.427,27.480
467,и,27.480,27.534
468,м,27.534,27.587
469, ,27.587,27.667
470,р,27.667,27.694
471,а,27.694,27.720
472,з,27.720,27.747
473,а,27.747,27.907
474, ,27.907,28.027
475,б,28.027,28.057
476,о,28.057,28.087
477,л,28.087,28.117
478,ь,28.117,28.147
479,ш,28.147,28.187
480,е,28.187,28.227
481,",",28.227,28.307
482, ,28.307,28.387
483,ч,28.387,28.414
484,е,28.414,28.440
485,м,28.440,28.467
486, ,28.467,28.507
487,б,28.507,28.547
488,е,28.547,28.586
489,з,28.586,28.626
490, ,28.626,28.666
491,д,28.666,28.706
492,о,28.706,28.786
493,с,28.786,28.866
494,п,28.866,28.946
495,е,28.946,29.026
496,х,29.026,29.106
497,а,29.106,29.266
498,.,29.266,29.506
499, ,29.506,29.546
500,И,29.546,29.586
501, ,29.586,29.626
502,д,29.626,29.666
503,ы,29.666,29.746
504,ш,29.746,29.826
505,а,29.826,29.879
506,л,29.879,29.933
507,и,29.933,29.986
508, ,29.986,30.066
509,о,30.066,30.106
510,н,30.106,30.146
511,и,30.146,30.226
512, ,30.226,30.306
513,ч,30.306,30.386
514,а,30.386,30.466
515,щ,30.466,30.546
516,е,30.546,30.626
517,",",30.626,30.785
518, ,30.785,30.838
519,к,30.838,30.892
520,а,30.892,30.918
521,к,30.918,30.945
522, ,30.945,30.985
523,н,30.985,31.005
524,а,31.005,31.025
525, ,31.025,31.145
526,к,31.145,31.175
527,р,31.175,31.205
528,у,31.205,31.235
529,т,31.235,31.265
530,о,31.265,31.305
531,й,31.305,31.345
532, ,31.345,31.425
533,л,31.425,31.505
534,е,31.505,31.532
535,с,31.532,31.558
536,т,31.558,31.585
537,н,31.585,31.625
538,и,31.625,31.665
539,ц,31.665,31.785
540,е,31.785,31.905
541,.,31.905,32.145
542,[,32.145,32.385
543,p,32.385,32.390
544,a,32.390,32.396
545,u,32.396,32.401
546,s,32.401,32.406
547,e,32.406,32.412
548,],32.412,32.438
549,М,32.438,32.465
550,и,32.465,32.545
551,ф,32.545,32.625
552, ,32.625,32.705
553,п,32.705,32.732
554,о,32.732,32.758
555,д,32.758,32.785
556,т,32.785,32.832
557,в,32.832,32.880
558,е,32.880,32.928
559,р,32.928,32.976
560,д,32.976,33.024
561,и,33.024,33.104
562,л,33.104,33.184
563,с,33.184,33.264
564,я,33.264,33.344
565,?,33.344,33.424
566, ,33.424,33.824
567,П,33.824,33.851
568,о,33.851,33.877
569,д,33.877,33.904
570,о,33.904,33.984
571,ж,33.984,34.064
572,д,34.064,34.184
573,и,34.184,34.304
574,.,34.304,34.504
575,[,34.504,34.704
576,s,34.704,34.706
577,h,34.706,34.709
578,o,34.709,34.711
579,r,34.711,34.713
580,t,34.713,34.715
581, ,34.715,34.727
582,p,34.727,34.729
583,a,34.729,34.731
584,u,34.731,34.734
585,s,34.734,34.736
586,e,34.736,34.738
587,],34.738,34.750
588, ,34.750,34.761
589,В,34.761,34.773
590, ,34.773,34.784
591,Ш,34.784,34.864
592,в,34.864,34.943
593,е,34.943,34.983
594,й,34.983,35.023
595,ц,35.023,35.103
596,а,35.103,35.183
597,р,35.183,35.263
598,и,35.263,35.343
599,и,35.343,35.423
600, ,35.423,35.503
601,о,35.503,35.543
602,п,35.543,35.583
603,ы,35.583,35.663
604,т,35.663,35.743
605, ,35.743,35.823
606,п,35.823,35.850
607,о,35.850,35.876
608,в,35.876,35.903
609,т,35.903,35.956
610,о,35.956,36.010
611,р,36.010,36.063
612,и,36.063,36.143
613,л,36.143,36.223
614,и,36.223,36.303
615,.,36.303,36.383
616, ,36.383,36.623
617,Д,36.623,36.703
618,о,36.703,36.783
619,с,36.783,36.863
620,п,36.863,36.943
621,е,36.943,36.983
622,х,36.983,37.023
623, ,37.023,37.102
624,е,37.102,37.222
625,щ,37.222,37.342
626,ё,37.342,37.422
627, ,37.422,37.502
628,т,37.502,37.555
629,я,37.555,37.609
630,ж,37.609,37.662
631,е,37.662,37.702
632,л,37.702,37.742
633,е,37.742,37.822
634,е,37.822,37.902
635,",",37.902,38.062
636, ,38.062,38.142
637,п,38.142,38.169
638,о,38.169,38.195
639,ч,38.195,38.222
640,т,38.222,38.302
641,и,38.302,38.382
642, ,38.382,38.542
643,с,38.542,38.595
644,о,38.595,38.649
645,р,38.649,38.702
646,о,38.702,38.742
647,к,38.742,38.782
648, ,38.782,38.862
649,к,38.862,38.902
650,и,38.902,38.942
651,л,38.942,39.062
652,о,39.062,39.086
653,г,39.086,39.110
654,р,39.110,39.134
655,а,39.134,39.157
656,м,39.157,39.181
657,м,39.181,39.261
658,о,39.261,39.341
659,в,39.341,39.421
660,.,39.421,39.741
661, ,39.741,39.781
662,А,39.781,39.821
663, ,39.821,39.901
664,с,39.901,39.981
665,и,39.981,40.021
666,л,40.021,40.061
667, ,40.061,40.141
668,у,40.141,40.221
669,ш,40.221,40.301
670,л,40.301,40.341
671,о,40.341,40.381
672, ,40.381,40.461
673,н,40.461,40.501
674,а,40.501,40.541
675, ,40.541,40.701
676,д,40.701,40.781
677,в,40.781,40.821
678,е,40.821,40.861
679, ,40.861,40.941
680,т,40.941,41.021
681,р,41.021,41.101
682,е,41.101,41.141
683,т,41.141,41.181
684,и,41.181,41.261
685, ,41.261,41.340
686,б,41.340,41.400
687,о,41.400,41.460
688,л,41.460,41.520
689,ь,41.520,41.580
690,ш,41.580,41.660
691,е,41.660,41.740
692,.,41.740,41.860
693, ,41.860,41.980
694,Н,41.980,42.020
695,е,42.020,42.060
696, ,42.060,42.100
697,в,42.100,42.140
698,д,42.140,42.220
699,в,42.220,42.300
700,о,42.300,42.420
701,е,42.420,42.540
702,.,42.540,42.740
703,[,42.740,42.940
704,s,42.940,42.943
705,h,42.943,42.945
706,o,42.945,42.948
707,r,42.948,42.951
708,t,42.951,42.953
709, ,42.953,42.967
710,p,42.967,42.969
711,a,42.969,42.972
712,u,42.972,42.975
713,s,42.975,42.977
714,e,42.977,42.980
715,],42.980,42.993
716, ,42.993,43.007
717,И,43.007,43.020
718, ,43.020,43.060
719,с,43.060,43.100
720, ,43.100,43.220
721,з,43.220,43.260
722,е,43.260,43.300
723,м,43.300,43.340
724,л,43.340,43.419
725,и,43.419,43.499
726, ,43.499,43.579
727,э,43.579,43.619
728,т,43.619,43.659
729,о,43.659,43.699
730,т,43.699,43.739
731, ,43.739,43.819
732,ч,43.819,43.859
733,е,43.859,43.879
734,л,43.879,43.899
735,о,43.899,43.979
736,в,43.979,44.059
737,е,44.059,44.099
738,к,44.099,44.139
739, ,44.139,44.219
740,в,44.219,44.339
741,с,44.339,44.369
742,т,44.369,44.399
743,а,44.399,44.429
744,в,44.429,44.459
745,а,44.459,44.539
746,л,44.539,44.619
747, ,44.619,44.699
748,с,44.699,44.779
749,а,44.779,44.899
750,м,44.899,45.019
751,.,45.019,45.219
752,[,45.219,45.419
753,p,45.419,45.424
754,a,45.424,45.430
755,u,45.430,45.435
756,s,45.435,45.440
757,e,45.440,45.446
758,],45.446,45.472
759, ,45.472,45.499
760,Д,45.499,45.618
761,о,45.618,45.678
762,с,45.678,45.738
763,п,45.738,45.818
764,е,45.818,45.858
765,х,45.858,45.898
766, ,45.898,46.018
767,т,46.018,46.058
768,я,46.058,46.098
769,ж,46.098,46.138
770,е,46.138,46.218
771,л,46.218,46.298
772,е,46.298,46.418
773,е,46.418,46.538
774,",",46.538,46.698
775, ,46.698,46.738
776,а,46.738,46.778
777, ,46.778,46.858
778,с,46.858,46.938
779,и,46.938,47.018
780,л,47.018,47.098
781, ,47.098,47.178
782,м,47.178,47.231
783,е,47.231,47.285
784,н,47.285,47.338
785,ь,47.338,47.418
786,ш,47.418,47.498
787,е,47.498,47.578
788,.,47.578,47.657
789, ,47.657,47.897
790,К,47.897,47.950
791,а,47.950,48.004
792,к,48.004,48.057
793, ,48.057,48.137
794,т,48.137,48.257
795,а,48.257,48.317
796,к,48.317,48.377
797,?,48.377,48.617
798,Р,48.669,48.749
799,а,48.749,48.829
800,з,48.829,48.909
801,б,48.909,48.936
802,е,48.936,48.962
803,р,48.962,48.989
804,ё,48.989,49.069
805,м,49.069,49.149
806, ,49.149,49.229
807,ч,49.229,49.256
808,е,49.256,49.282
809,р,49.282,49.309
810,е,49.309,49.389
811,з,49.389,49.469
812, ,49.469,49.549
813,п,49.549,49.576
814,а,49.576,49.602
815,р,49.602,49.629
816,у,49.629,49.709
817, ,49.709,49.789
818,м,49.789,49.842
819,и,49.842,49.896
820,н,49.896,49.949
821,у,49.949,50.069
822,т,50.069,50.189
823,.,50.189,50.308
824,[,50.308,50.428
825,p,50.428,50.487
826,a,50.487,50.545
827,u,50.545,50.604
828,s,50.604,50.663
829,e,50.663,50.721
830,],50.721,51.015
831, ,51.015,51.308
832,Н,51.308,51.348
833,о,51.348,51.388
834, ,51.388,51.468
835,е,51.468,51.528
836,с,51.528,51.588
837,т,51.588,51.648
838,ь,51.648,51.708
839, ,51.708,51.788
840,в,51.788,51.868
841,е,51.868,51.948
842,щ,51.948,52.028
843,ь,52.028,52.068
844, ,52.068,52.108
845,с,52.108,52.188
846,т,52.188,52.268
847,р,52.268,52.348
848,а,52.348,52.427
849,н,52.427,52.507
850,н,52.507,52.640
851,е,52.640,52.774
852,е,52.774,52.907
853,.,52.907,53.227
854,[,53.227,53.547
855,s,53.547,53.555
856,h,53.555,53.563
857,o,53.563,53.571
858,r,53.571,53.579
859,t,53.579,53.587
860, ,53.587,53.627
861,p,53.627,53.635
862,a,53.635,53.643
863,u,53.643,53.651
864,s,53.651,53.659
865,e,53.659,53.667
866,],53.667,53.707
867,О,53.707,53.787
868,б,53.787,53.867
869,е,53.867,53.947
870, ,53.947,54.000
871,л,54.000,54.054
872,а,54.054,54.080
873,б,54.080,54.107
874,о,54.107,54.147
875,р,54.147,54.187
876,а,54.187,54.267
877,т,54.267,54.347
878,о,54.347,54.427
879,р,54.427,54.506
880,и,54.506,54.586
881,и,54.586,54.666
882, ,54.666,54.786
883,м,54.786,54.826
884,е,54.826,54.866
885,р,54.866,54.906
886,и,54.906,54.959
887,л,54.959,55.013
888,и,55.013,55.066
889, ,55.066,55.146
890,х,55.146,55.173
891,о,55.173,55.199
892,д,55.199,55.226
893,ь,55.226,55.306
894,б,55.306,55.346
895,у,55.346,55.386
896, ,55.386,55.466
897,н,55.466,55.506
898,а,55.506,55.546
899, ,55.546,55.746
900,д,55.746,55.786
901,о,55.786,55.826
902,р,55.826,55.866
903,о,55.866,55.906
904,ж,55.906,55.946
905,к,55.946,56.066
906,е,56.066,56.186
907,.,56.186,56.426
908, ,56.426,56.665
909,С,56.665,56.745
910,а,56.745,56.825
911,м,56.825,56.905
912, ,56.905,56.985
913,б,56.985,57.065
914,о,57.065,57.145
915,й,57.145,57.225
916, ,57.225,57.385
917,н,57.385,57.465
918,е,57.465,57.545
919, ,57.545,57.665
920,м,57.665,57.705
921,е,57.705,57.745
922,р,57.745,57.785
923,и,57.785,57.865
924,л,57.865,57.945
925,и,57.945,58.025
926,.,58.025,58.105
927, ,58.105,58.505
928,Я,58.505,58.585
929, ,58.585,58.665
930,и,58.665,58.705
931,с,58.705,58.744
932,к,58.744,58.797
933,а,58.797,58.851
934,л,58.851,58.904
935, ,58.904,58.984
936,з,58.984,59.037
937,а,59.037,59.091
938,м,59.091,59.144
939,е,59.144,59.184
940,р,59.184,59.224
941, ,59.224,59.304
942,с,59.304,59.384
943,х,59.384,59.444
944,в,59.444,59.504
945,а,59.504,59.564
946,т,59.564,59.624
947,к,59.624,59.664
948,и,59.664,59.704
949, ,59.704,59.744
950,в,59.744,59.784
951, ,59.784,59.824
952,д,59.824,59.864
953,о,59.864,59.944
954,с,59.944,60.024
955,п,60.024,60.104
956,е,60.104,60.184
957,х,60.184,60.264
958,е,60.264,60.344
959, ,60.344,60.424
960,и,60.424,60.504
961, ,60.504,60.584
962,н,60.584,60.624
963,е,60.624,60.664
964, ,60.664,60.744
965,н,60.744,60.784
966,а,60.784,60.824
967,ш,60.824,60.903
968,ё,60.903,60.983
969,л,60.983,61.063
970, ,61.063,61.223
971,н,61.223,61.263
972,и,61.263,61.303
973, ,61.303,61.383
974,о,61.383,61.463
975,д,61.463,61.543
976,н,61.543,61.643
977,о,61.643,61.743
978,г,61.743,61.843
979,о,61.843,61.943
980,.,61.943,62.183
981, ,62.183,62.423
982,А,62.423,62.503
983, ,62.503,62.543
984,ф,62.543,62.583
985,р,62.583,62.636
986,а,62.636,62.690
987,з,62.690,62.743
988,у,62.743,62.823
989, ,62.823,62.903
990,п,62.903,62.930
991,р,62.930,62.955
992,о,62.955,62.982
993, ,62.982,63.062
994,р,63.062,63.142
995,ы,63.142,63.222
996,ц,63.222,63.302
997,а,63.302,63.342
998,р,63.342,63.382
999,я,63.382,63.462
1000,",",63.462,63.542
1001, ,63.542,63.582
1002,к,63.582,63.622
1003,о,63.622,63.662
1004,т,63.662,63.702
1005,о,63.702,63.742
1006,р,63.742,63.782
1007,ы,63.782,63.822
1008,й,63.822,63.862
1009, ,63.862,63.902
1010,в,63.902,63.922
1011,ы,63.922,63.942
1012,д,63.942,64.022
1013,ы,64.022,64.062
1014,х,64.062,64.102
1015,а,64.102,64.182
1016,л,64.182,64.262
1017,с,64.262,64.342
1018,я,64.342,64.422
1019, ,64.422,64.462
1020,з,64.462,64.482
1021,а,64.482,64.502
1022, ,64.502,64.582
1023,м,64.582,64.635
1024,и,64.635,64.689
1025,н,64.689,64.742
1026,у,64.742,64.822
1027,т,64.822,64.902
1028,ы,64.902,64.982
1029,",",64.982,65.141
1030, ,65.141,65.221
1031,п,65.221,65.248
1032,о,65.248,65.274
1033,в,65.274,65.301
1034,т,65.301,65.354
1035,о,65.354,65.408
1036,р,65.408,65.461
1037,я,65.461,65.541
1038,ю,65.541,65.581
1039,т,65.581,65.621
1040, ,65.621,65.701
1041,в,65.701,65.861
1042,с,65.861,65.981
1043,е,65.981,66.101
1044,.,66.101,66.501
1045,[,66.501,66.901
1046,p,66.901,66.906
1047,a,66.906,66.912
1048,u,66.912,66.917
1049,s,66.917,66.922
1050,e,66.922,66.928
1051,],66.928,66.954
1052, ,66.954,66.981
1053,З,66.981,67.061
1054,а,67.061,67.101
1055,т,67.101,67.141
1056,о,67.141,67.220
1057, ,67.220,67.300
1058,о,67.300,67.340
1059,д,67.340,67.380
1060,и,67.380,67.420
1061,н,67.420,67.460
1062, ,67.460,67.540
1063,ф,67.540,67.620
1064,р,67.620,67.647
1065,а,67.647,67.673
1066,н,67.673,67.700
1067,ц,67.700,67.780
1068,у,67.780,67.860
1069,з,67.860,67.940
1070,с,67.940,67.980
1071,к,67.980,68.020
1072,и,68.020,68.060
1073,й,68.060,68.100
1074, ,68.100,68.180
1075,м,68.180,68.260
1076,а,68.260,68.340
1077,р,68.340,68.420
1078,ш,68.420,68.500
1079,а,68.500,68.540
1080,л,68.540,68.580
1081, ,68.580,68.660
1082,ш,68.660,68.700
1083,е,68.700,68.740
1084,с,68.740,68.793
1085,т,68.793,68.847
1086,ь,68.847,68.900
1087,с,68.900,68.953
1088,о,68.953,69.007
1089,т,69.007,69.060
1090, ,69.060,69.140
1091,л,69.140,69.193
1092,е,69.193,69.247
1093,т,69.247,69.300
1094, ,69.300,69.339
1095,н,69.339,69.379
1096,а,69.379,69.459
1097,з,69.459,69.539
1098,а,69.539,69.619
1099,д,69.619,69.699
1100, ,69.699,69.859
1101,с,69.859,69.939
1102,п,69.939,70.019
1103,е,70.019,70.099
1104,ц,70.099,70.156
1105,и,70.156,70.213
1106,а,70.213,70.270
1107,л,70.270,70.328
1108,ь,70.328,70.385
1109,н,70.385,70.442
1110,о,70.442,70.499
1111, ,70.499,70.579
1112,т,70.579,70.619
1113,р,70.619,70.659
1114,е,70.659,70.712
1115,н,70.712,70.766
1116,и,70.766,70.819
1117,р,70.819,70.872
1118,о,70.872,70.926
1119,в,70.926,70.979
1120,а,70.979,71.059
1121,л,71.059,71.139
1122,с,71.139,71.179
1123,я,71.179,71.219
1124,",",71.219,71.299
1125, ,71.299,71.339
1126,ч,71.339,71.379
1127,т,71.379,71.458
1128,о,71.458,71.485
1129,б,71.485,71.511
1130,ы,71.511,71.538
1131, ,71.538,71.578
1132,н,71.578,71.598
1133,е,71.598,71.618
1134, ,71.618,71.698
1135,с,71.698,71.738
1136,б,71.738,71.778
1137,и,71.778,71.826
1138,в,71.826,71.874
1139,а,71.874,71.922
1140,т,71.922,71.970
1141,ь,71.970,72.018
1142, ,72.018,72.058
1143,д,72.058,72.098
1144,ы,72.098,72.178
1145,х,72.178,72.258
1146,а,72.258,72.338
1147,н,72.338,72.418
1148,и,72.418,72.498
1149,е,72.498,72.578
1150,.,72.578,72.938
1151,[,72.938,73.298
1152,s,73.298,73.301
1153,h,73.301,73.304
1154,o,73.304,73.308
1155,r,73.308,73.311
1156,t,73.311,73.314
1157, ,73.314,73.330
1158,p,73.330,73.333
1159,a,73.333,73.336
1160,u,73.336,73.340
1161,s,73.340,73.343
1162,e,73.343,73.346
1163,],73.346,73.362
1164,З,73.362,73.378
1165,а,73.378,73.537
1166,ч,73.537,73.697
1167,е,73.697,73.777
1168,м,73.777,73.857
1169,",",73.857,74.097
1170, ,74.097,74.177
1171,е,74.177,74.217
1172,с,74.217,74.257
1173,л,74.257,74.337
1174,и,74.337,74.417
1175, ,74.417,74.497
1176,б,74.497,74.524
1177,о,74.524,74.550
1178,й,74.550,74.577
1179, ,74.577,74.657
1180,д,74.657,74.697
1181,л,74.697,74.717
1182,и,74.717,74.737
1183,л,74.737,74.817
1184,с,74.817,74.897
1185,я,74.897,74.977
1186, ,74.977,75.137
1187,п,75.137,75.190
1188,а,75.190,75.244
1189,р,75.244,75.297
1190,у,75.297,75.337
1191, ,75.337,75.377
1192,м,75.377,75.430
1193,и,75.430,75.484
1194,н,75.484,75.537
1195,у,75.537,75.656
1196,т,75.656,75.776
1197,?,75.776,76.016
