char,start,end
В,0.0,0.08
о,0.08,0.12
з,0.12,0.16
ь,0.16,0.24
м,0.24,0.32
ё,0.32,0.36
м,0.36,0.4
 ,0.4,0.56
с,0.56,0.64
а,0.64,0.72
м,0.72,0.8
ы,0.8,0.84
й,0.84,0.88
 ,0.88,0.96
и,0.96,1.0
з,1.0,1.04
в,1.04,1.08
е,1.08,1.12
с,1.12,1.16
т,1.16,1.2
н,1.2,1.253
ы,1.253,1.307
й,1.307,1.36
 ,1.36,1.4
п,1.4,1.42
р,1.42,1.44
и,1.44,1.52
м,1.52,1.6
е,1.6,1.68
р,1.68,1.76
.,1.76,1.84
 ,1.84,2.16
А,2.16,2.24
з,2.24,2.32
е,2.32,2.4
н,2.4,2.48
к,2.48,2.56
у,2.56,2.64
р,2.64,2.72
",",2.72,2.96
 ,2.96,3.04
д,3.04,3.08
в,3.08,3.12
а,3.12,3.2
д,3.2,3.28
ц,3.28,3.32
а,3.32,3.333
т,3.333,3.347
ь,3.347,3.36
 ,3.36,3.44
п,3.44,3.52
я,3.52,3.6
т,3.6,3.64
о,3.64,3.68
е,3.68,3.72
 ,3.72,3.76
о,3.76,3.84
к,3.84,3.92
т,3.92,3.96
я,3.96,4.0
б,4.0,4.08
р,4.08,4.16
я,4.16,4.24
 ,4.24,4.4
т,4.4,4.48
ы,4.48,4.56
с,4.56,4.64
я,4.64,4.72
ч,4.72,4.76
а,4.76,4.8
 ,4.8,4.88
ч,4.88,4.933
е,4.933,4.987
т,4.987,5.04
ы,5.04,5.16
р,5.16,5.19
е,5.19,5.22
с,5.22,5.25
т,5.25,5.28
а,5.28,5.36
 ,5.36,5.44
п,5.44,5.48
я,5.48,5.5
т,5.5,5.52
н,5.52,5.6
а,5.6,5.68
д,5.68,5.76
ц,5.76,5.8
а,5.8,5.82
т,5.82,5.84
о,5.84,5.893
г,5.893,5.947
о,5.947,6.0
 ,6.0,6.08
г,6.08,6.16
о,6.16,6.24
д,6.24,6.32
а,6.32,6.4
.,6.4,6.68
 ,6.68,6.96
П,6.96,7.0
о,7.0,7.04
 ,7.04,7.08
х,7.08,7.12
р,7.12,7.173
о,7.173,7.227
н,7.227,7.28
и,7.28,7.36
к,7.36,7.44
а,7.44,7.52
м,7.52,7.6
",",7.6,7.64
 ,7.64,7.68
б,7.68,7.76
и,7.76,7.84
т,7.84,7.92
в,7.92,7.96
а,7.96,8.0
 ,8.0,8.08
д,8.08,8.16
л,8.16,8.2
и,8.2,8.24
л,8.24,8.3
а,8.3,8.36
с,8.36,8.42
ь,8.42,8.48
 ,8.48,8.56
о,8.56,8.64
к,8.64,8.72
о,8.72,8.76
л,8.76,8.8
о,8.8,8.88
 ,8.88,8.96
т,8.96,9.0
р,9.0,9.04
ё,9.04,9.12
х,9.12,9.2
 ,9.2,9.28
ч,9.28,9.36
а,9.36,9.44
с,9.44,9.52
о,9.52,9.64
в,9.64,9.76
.,9.76,9.8
[,9.8,9.84
p,9.84,9.952
a,9.952,10.064
u,10.064,10.176
s,10.176,10.288
e,10.288,10.4
],10.4,10.96
 ,10.96,11.013
Т,11.013,11.067
р,11.067,11.093
и,11.093,11.12
 ,11.12,11.2
ч,11.2,11.253
а,11.253,11.307
с,11.307,11.36
а,11.36,11.44
 ,11.44,11.48
в,11.48,11.52
 ,11.52,11.56
д,11.56,11.6
о,11.6,11.68
с,11.68,11.76
п,11.76,11.84
е,11.84,11.96
х,11.96,12.08
е,12.08,12.24
 ,12.24,12.48
з,12.48,12.54
в,12.54,12.6
у,12.6,12.66
ч,12.66,12.72
а,12.72,12.8
т,12.8,12.88
 ,12.88,12.92
к,12.92,12.96
а,12.96,13.0
к,13.0,13.04
 ,13.04,13.12
п,13.12,13.173
р,13.173,13.227
и,13.227,13.28
г,13.28,13.36
о,13.36,13.44
в,13.44,13.52
о,13.52,13.6
р,13.6,13.68
.,13.68,13.76
 ,13.76,14.24
Н,14.24,14.32
о,14.32,14.36
 ,14.36,14.4
э,14.4,14.48
т,14.48,14.52
о,14.52,14.56
 ,14.56,14.68
в,14.68,14.71
р,14.71,14.74
е,14.74,14.77
м,14.77,14.8
я,14.8,14.84
 ,14.84,14.88
в,14.88,14.96
с,14.96,15.04
е,15.04,15.12
й,15.12,15.2
 ,15.2,15.28
б,15.28,15.36
и,15.36,15.44
т,15.44,15.52
в,15.52,15.6
ы,15.6,15.68
",",15.68,15.84
 ,15.84,15.88
а,15.88,15.92
 ,15.92,15.96
н,15.96,15.98
е,15.98,16.0
 ,16.0,16.08
о,16.08,16.12
д,16.12,16.16
н,16.16,16.2
о,16.2,16.24
г,16.24,16.28
о,16.28,16.32
 ,16.32,16.4
ч,16.4,16.48
е,16.48,16.52
л,16.52,16.56
о,16.56,16.64
в,16.64,16.72
е,16.72,16.8
к,16.8,16.88
а,16.88,16.96
.,16.96,17.04
 ,17.04,17.6
С,17.6,17.64
т,17.64,17.68
р,17.68,17.76
о,17.76,17.8
й,17.8,17.84
 ,17.84,17.92
с,17.92,18.0
х,18.0,18.08
о,18.08,18.16
д,18.16,18.24
и,18.24,18.34
л,18.34,18.44
с,18.44,18.54
я,18.54,18.64
",",18.64,18.72
 ,18.72,18.8
р,18.8,18.853
а,18.853,18.907
с,18.907,18.96
х,18.96,19.04
о,19.04,19.12
д,19.12,19.2
и,19.2,19.3
л,19.3,19.4
с,19.4,19.5
я,19.5,19.6
",",19.6,20.0
 ,20.0,20.08
л,20.08,20.12
ю,20.12,20.16
д,20.16,20.24
и,20.24,20.32
 ,20.32,20.36
в,20.36,20.38
ы,20.38,20.4
х,20.4,20.48
о,20.48,20.56
д,20.56,20.64
и,20.64,20.72
л,20.72,20.8
и,20.8,20.88
 ,20.88,20.96
и,20.96,21.0
з,21.0,21.04
 ,21.04,21.12
б,21.12,21.24
о,21.24,21.3
я,21.3,21.36
 ,21.36,21.4
и,21.4,21.44
 ,21.44,21.48
в,21.48,21.52
о,21.52,21.587
з,21.587,21.653
в,21.653,21.72
р,21.72,21.787
а,21.787,21.853
щ,21.853,21.92
а,21.92,22.0
л,22.0,22.08
и,22.08,22.16
с,22.16,22.24
ь,22.24,22.32
.,22.32,22.56
 ,22.56,22.8
О,22.8,22.864
с,22.864,22.928
н,22.928,22.992
о,22.992,23.056
в,23.056,23.12
а,23.12,23.173
н,23.173,23.227
и,23.227,23.28
й,23.28,23.36
 ,23.36,23.52
д,23.52,23.547
у,23.547,23.573
м,23.573,23.6
а,23.6,23.627
т,23.627,23.653
ь,23.653,23.68
",",23.68,23.76
 ,23.76,23.84
ч,23.84,23.867
т,23.867,23.893
о,23.893,23.92
 ,23.92,23.96
к,23.96,24.0
а,24.0,24.08
ж,24.08,24.16
д,24.16,24.24
ы,24.24,24.28
й,24.28,24.32
 ,24.32,24.4
р,24.4,24.427
у,24.427,24.453
б,24.453,24.48
и,24.48,24.56
л,24.56,24.64
с,24.64,24.72
я,24.72,24.8
 ,24.8,24.88
т,24.88,24.907
р,24.907,24.933
и,24.933,24.96
 ,24.96,25.04
ч,25.04,25.093
а,25.093,25.147
с,25.147,25.2
а,25.2,25.28
 ,25.28,25.36
п,25.36,25.413
о,25.413,25.467
д,25.467,25.52
р,25.52,25.6
я,25.6,25.68
д,25.68,25.76
",",25.76,26.08
 ,26.08,26.16
н,26.16,26.267
е,26.267,26.373
т,26.373,26.48
.,26.48,26.56
[,26.56,26.64
p,26.64,26.736
a,26.736,26.832
u,26.832,26.928
s,26.928,27.024
e,27.024,27.12
],27.12,27.6
 ,27.6,27.68
Х,27.68,27.76
р,27.76,27.813
о,27.813,27.867
н,27.867,27.92
и,27.92,27.973
к,27.973,28.027
и,28.027,28.08
 ,28.08,28.16
о,28.16,28.2
п,28.2,28.24
и,28.24,28.32
с,28.32,28.4
ы,28.4,28.464
в,28.464,28.528
а,28.528,28.592
ю,28.592,28.656
т,28.656,28.72
 ,28.72,28.84
р,28.84,28.88
а,28.88,28.92
з,28.92,28.96
м,28.96,29.04
о,29.04,29.08
к,29.08,29.12
ш,29.12,29.2
у,29.2,29.28
ю,29.28,29.36
 ,29.36,29.44
п,29.44,29.52
а,29.52,29.64
ш,29.64,29.76
н,29.76,29.84
ю,29.84,29.92
",",29.92,30.0
 ,30.0,30.04
п,30.04,30.06
о,30.06,30.08
 ,30.08,30.12
к,30.12,30.16
о,30.16,30.2
т,30.2,30.24
о,30.24,30.28
р,30.28,30.32
о,30.32,30.36
й,30.36,30.4
 ,30.4,30.44
ф,30.44,30.48
р,30.48,30.533
а,30.533,30.587
н,30.587,30.64
ц,30.64,30.72
у,30.72,30.8
з,30.8,30.88
ы,30.88,30.96
 ,30.96,31.08
ш,31.08,31.12
л,31.12,31.16
и,31.16,31.2
 ,31.2,31.28
п,31.28,31.307
о,31.307,31.333
д,31.333,31.36
 ,31.36,31.52
с,31.52,31.552
т,31.552,31.584
р,31.584,31.616
е,31.616,31.648
л,31.648,31.68
а,31.68,31.76
м,31.76,31.84
и,31.84,31.92
.,31.92,32.0
 ,32.0,32.48
И,32.48,32.64
д,32.64,32.72
т,32.72,32.76
и,32.76,32.8
 ,32.8,32.84
п,32.84,32.86
о,32.86,32.88
 ,32.88,32.96
т,32.96,33.0
а,33.0,33.02
к,33.02,33.04
о,33.04,33.12
й,33.12,33.2
 ,33.2,33.28
з,33.28,33.333
е,33.333,33.387
м,33.387,33.44
л,33.44,33.48
е,33.48,33.52
 ,33.52,33.6
в,33.6,33.68
 ,33.68,33.72
л,33.72,33.76
а,33.76,33.84
т,33.84,33.92
а,33.92,34.0
х,34.0,34.08
 ,34.08,34.16
д,34.16,34.213
о,34.213,34.267
р,34.267,34.32
о,34.32,34.373
г,34.373,34.427
о,34.427,34.48
 ,34.48,34.52
п,34.52,34.54
о,34.54,34.56
 ,34.56,34.72
с,34.72,34.8
и,34.8,34.84
л,34.84,34.88
а,34.88,34.96
м,34.96,35.04
 ,35.04,35.08
и,35.08,35.12
 ,35.12,35.2
б,35.2,35.28
е,35.28,35.32
з,35.32,35.36
 ,35.36,35.4
в,35.4,35.44
с,35.44,35.52
я,35.52,35.6
к,35.6,35.68
о,35.68,35.733
г,35.733,35.787
о,35.787,35.84
 ,35.84,35.92
б,35.92,36.0
о,36.0,36.12
я,36.12,36.24
",",36.24,36.64
 ,36.64,36.68
и,36.68,36.72
 ,36.72,36.8
э,36.8,36.88
т,36.88,36.92
о,36.92,36.96
",",36.96,37.0
 ,37.0,37.04
п,37.04,37.08
о,37.08,37.12
х,37.12,37.2
о,37.2,37.28
ж,37.28,37.36
е,37.36,37.44
",",37.44,37.52
 ,37.52,37.6
л,37.6,37.627
о,37.627,37.653
ж,37.653,37.68
и,37.68,37.74
т,37.74,37.8
с,37.8,37.86
я,37.86,37.92
 ,37.92,37.96
н,37.96,37.98
а,37.98,38.0
 ,38.0,38.08
ц,38.08,38.16
и,38.16,38.24
ф,38.24,38.32
р,38.32,38.36
ы,38.36,38.4
 ,38.4,38.48
и,38.48,38.52
з,38.52,38.56
 ,38.56,38.6
Л,38.6,38.64
и,38.64,38.72
д,38.72,38.8
с,38.8,38.88
а,38.88,38.96
.,38.96,39.4
[,39.4,39.84
s,39.84,39.852
h,39.852,39.864
o,39.864,39.876
r,39.876,39.888
t,39.888,39.9
 ,39.9,39.96
p,39.96,39.972
a,39.972,39.984
u,39.984,39.996
s,39.996,40.008
e,40.008,40.02
],40.02,40.08
 ,40.08,40.16
А,40.16,40.24
в,40.24,40.32
т,40.32,40.347
о,40.347,40.373
р,40.373,40.4
ы,40.4,40.48
 ,40.48,40.56
л,40.56,40.6
и,40.6,40.64
д,40.64,40.72
с,40.72,40.76
к,40.76,40.8
о,40.8,40.84
й,40.84,40.88
 ,40.88,41.08
р,41.08,41.12
а,41.12,41.16
б,41.16,41.2
о,41.2,41.24
т,41.24,41.28
ы,41.28,41.44
 ,41.44,41.48
с,41.48,41.52
а,41.52,41.6
м,41.6,41.68
и,41.68,41.76
 ,41.76,41.84
с,41.84,41.96
в,41.96,42.0
я,42.0,42.04
з,42.04,42.08
ы,42.08,42.128
в,42.128,42.176
а,42.176,42.224
ю,42.224,42.272
т,42.272,42.32
 ,42.32,42.36
с,42.36,42.4
в,42.4,42.44
о,42.44,42.48
и,42.48,42.56
 ,42.56,42.64
ц,42.64,42.72
и,42.72,42.8
ф,42.8,42.88
р,42.88,42.96
ы,42.96,43.04
 ,43.04,43.08
с,43.08,43.12
 ,43.12,43.2
К,43.2,43.36
р,43.36,43.413
е,43.413,43.467
с,43.467,43.52
и,43.52,43.68
 ,43.68,43.72
и,43.72,43.76
 ,43.76,43.8
А,43.8,43.84
з,43.84,43.92
е,43.92,44.0
н,44.0,44.08
к,44.08,44.16
у,44.16,44.24
р,44.24,44.293
о,44.293,44.347
м,44.347,44.4
:,44.4,44.88
 ,44.88,45.0
м,45.0,45.04
о,45.04,45.08
л,45.08,45.12
",",45.12,45.28
 ,45.28,45.32
н,45.32,45.34
а,45.34,45.36
 ,45.36,45.44
р,45.44,45.493
а,45.493,45.547
с,45.547,45.6
к,45.6,45.68
и,45.68,45.76
с,45.76,45.84
ш,45.84,45.893
е,45.893,45.947
й,45.947,46.0
 ,46.0,46.08
з,46.08,46.107
е,46.107,46.133
м,46.133,46.16
л,46.16,46.28
е,46.28,46.4
 ,46.4,46.48
т,46.48,46.56
а,46.56,46.64
к,46.64,46.72
о,46.72,46.76
й,46.76,46.8
 ,46.8,46.88
р,46.88,46.933
а,46.933,46.987
с,46.987,47.04
х,47.04,47.093
о,47.093,47.147
д,47.147,47.2
 ,47.2,47.28
с,47.28,47.36
и,47.36,47.44
л,47.44,47.52
 ,47.52,47.6
м,47.6,47.68
о,47.68,47.72
г,47.72,47.76
 ,47.76,47.88
р,47.88,47.92
е,47.92,47.96
ш,47.96,48.0
а,48.0,48.027
т,48.027,48.053
ь,48.053,48.08
 ,48.08,48.16
и,48.16,48.24
с,48.24,48.32
х,48.32,48.4
о,48.4,48.48
д,48.48,48.56
.,48.56,48.64
 ,48.64,49.12
Н,49.12,49.2
о,49.2,49.28
 ,49.28,49.32
э,49.32,49.36
т,49.36,49.48
о,49.48,49.6
 ,49.6,49.68
и,49.68,49.72
х,49.72,49.76
 ,49.76,49.84
т,49.84,49.893
о,49.893,49.947
л,49.947,50.0
к,50.0,50.053
о,50.053,50.107
в,50.107,50.16
а,50.16,50.24
н,50.24,50.32
и,50.32,50.4
е,50.4,50.48
",",50.48,50.8
 ,50.8,50.92
о,50.92,50.98
п,50.98,51.04
ы,51.04,51.12
т,51.12,51.147
о,51.147,51.173
м,51.173,51.2
 ,51.2,51.28
о,51.28,51.32
н,51.32,51.34
о,51.34,51.36
 ,51.36,51.44
н,51.44,51.48
е,51.48,51.52
 ,51.52,51.6
п,51.6,51.72
р,51.72,51.744
о,51.744,51.768
в,51.768,51.792
е,51.792,51.816
р,51.816,51.84
я,51.84,51.92
л,51.92,51.98
о,51.98,52.04
с,52.04,52.1
ь,52.1,52.16
.,52.16,52.24
 ,52.24,52.64
З,52.64,52.72
е,52.72,52.8
м,52.8,52.88
л,52.88,52.92
и,52.92,52.96
 ,52.96,53.04
н,53.04,53.08
а,53.08,53.12
 ,53.12,53.28
д,53.28,53.312
о,53.312,53.344
р,53.344,53.376
о,53.376,53.408
ж,53.408,53.44
к,53.44,53.52
е,53.52,53.6
 ,53.6,53.84
н,53.84,53.92
е,53.92,54.0
 ,54.0,54.08
б,54.08,54.12
ы,54.12,54.16
л,54.16,54.2
о,54.2,54.24
.,54.24,54.76
[,54.76,55.28
s,55.28,55.283
h,55.283,55.286
o,55.286,55.29
r,55.29,55.293
t,55.293,55.296
 ,55.296,55.312
p,55.312,55.315
a,55.315,55.318
u,55.318,55.322
s,55.322,55.325
e,55.325,55.328
],55.328,55.344
Т,55.344,55.36
а,55.36,55.4
к,55.4,55.44
 ,55.44,55.52
ч,55.52,55.573
т,55.573,55.627
о,55.627,55.68
 ,55.68,55.84
т,55.84,55.893
р,55.893,55.947
и,55.947,56.0
 ,56.0,56.08
ч,56.08,56.16
а,56.16,56.24
с,56.24,56.32
а,56.32,56.48
 ,56.48,56.72
э,56.72,56.8
т,56.8,56.88
о,56.88,56.96
 ,56.96,57.04
ц,57.04,57.12
и,57.12,57.2
ф,57.2,57.28
р,57.28,57.36
а,57.36,57.44
 ,57.44,57.52
п,57.52,57.547
р,57.547,57.573
о,57.573,57.6
 ,57.6,57.68
б,57.68,57.76
и,57.76,57.84
т,57.84,57.92
в,57.92,58.0
у,58.0,58.08
.,58.08,58.16
 ,58.16,58.48
А,58.48,58.56
 ,58.56,58.64
ц,58.64,58.72
и,58.72,58.8
ф,58.8,58.88
р,58.88,58.92
ы,58.92,58.96
 ,58.96,59.04
п,59.04,59.067
р,59.067,59.093
о,59.093,59.12
 ,59.12,59.16
ч,59.16,59.2
е,59.2,59.24
л,59.24,59.28
о,59.28,59.36
в,59.36,59.44
е,59.44,59.52
к,59.52,59.6
а,59.6,59.68
 ,59.68,59.92
у,59.92,60.0
 ,60.0,60.04
н,60.04,60.06
а,60.06,60.08
с,60.08,60.24
 ,60.24,60.32
н,60.32,60.4
е,60.4,60.48
т,60.48,60.56
.,60.56,60.8
